text,x_corr,y_corr
"Cambridge International Examinations 
Cambridge International General Certificate of Secondary Education 
",128.721490064,109.95750952000003
" 
",112.70551,127.64513639999996
" 
",56.69296846399999,150.40742504000002
"PHYSICS 
 
Paper 2  Multiple Choice (Extended) 
",56.69276484700009,187.49198230000002
" 
",56.6929,204.72669229999997
"Additional Materials: 
 
 
 
",56.6929,257.6986564
"Multiple Choice Answer Sheet 
Soft clean eraser 
Soft pencil (type B or HB recommended) 
",170.06027648,244.97807585700002
"0625/21 
",498.86929,170.30014319999998
"May/June 2016 
",468.05889741,185.28058999999996
"45 minutes 
",486.39644279,202.51530000000002
" 
",552.7549035039999,150.40742504000002
" 
",552.75483504,257.6986564
"READ THESE INSTRUCTIONS FIRST 
",56.6929,274.17508999999995
" 
Write in soft pencil. 
Do not use staples, paper clips, glue or correction fluid. 
Write  your  name,  Centre  number  and  candidate  number  on  the  Answer  Sheet  in  the  spaces  provided 
unless this has been done for you. 
DO NOT WRITE IN ANY BARCODES. 
 
There are forty questions on this paper. Answer all questions. For each question there are four possible 
answers A, B, C and D.  
Choose the one you consider correct and record your choice in soft pencil on the separate Answer Sheet. 
 
Read the instructions on the Answer Sheet very carefully. 
",56.69219955899996,422.54060142299977
"*
9
1
7
0
5
3
1
7
2
8
*
",28.82829,336.79261245399994
" 
Each correct answer will score one mark. A mark will not be deducted for a wrong answer. 
Any rough working should be done in this booklet. 
Electronic calculators may be used. 
Take the weight of 1.0 kg to be 10 N (acceleration of free fall = 10 m / s
 
",56.69219955899996,500.74828722
"). 
",367.71021,487.2557923
"2
",364.1102,480.0554
"The syllabus is approved for use in England, Wales and Northern Ireland as a Cambridge International Level 1/Level 2 Certificate. 
",96.8598,726.0696551999999
"This document consists of 18 printed pages and 2 blank pages. 
",157.5213,748.0715023
"IB16 06_0625_21/2RP 
© UCLES 2016 
",56.6929,781.29286193
" 
",56.6929,783.95796
" 
",56.6929,785.1201599999999
"[Turn over 
",489.14639,783.0793923
"1  The diagram shows an enlarged drawing of the end of a metre rule. It is being used to measure 
",49.60629,75.23254640000005
"the length of a small feather. 
",70.8661972,87.8753171840001
"2 
",294.66141,48.87034640000002
" 
",49.60629,100.51808796800015
" 
",49.60782601599999,263.16905543999997
"mm
cm
",84.92892239899999,217.14364910000006
"1 0
1
",193.50022139100003,221.13965300000007
"2 0
2
",318.010303351,221.98474299999998
"3 0
3
",442.52038531100004,221.29305802
" 
",515.2252,252.85145639999996
"What is the length of the feather? 
",70.86773321599999,275.811826224
"A  19 mm 
",70.86773321599999,299.452997008
"B  29 mm 
",170.106735696,299.4529364
"C  19 cm 
",269.34755984000003,299.4529364
"D  29 cm 
",368.559973984,299.4529364
" 
 
2  The speed-time graph shown is for a car moving in a straight line. 
 
",49.606992799999944,350.05250539200006
"speed
m / s
",143.10617251499997,402.026908
"15
",179.1246,373.41490799999997
"10
",179.1246,430.08100771999995
"5
",185.24196569999998,486.7471074399999
"0
",185.24196569999998,543.41320716
"0
",196.77499279999998,555.502979292
"20
",250.45768143499998,555.502979292
"40
",307.196963205,555.502979292
"60
",363.936244975,555.502979292
"80
time / s
",403.44230704999995,574.577708
" 
",455.24409,578.3821564
"What is the acceleration of the car when the time is 40 s? 
",70.86771742399999,601.3427364
"A  0 m / s2 
",70.86695151999999,628.6970464
"B 
",170.10655264000002,628.6970464
"3
",215.57519959089998,620.7954148851
"15 − m / s2 
",193.15253218389998,628.6970464
"04
",201.7983042709,634.54359
"C 
",269.34755336,628.6970464
"15
",292.93161272,620.7954148851
"04
",293.442194144,634.54359
"m / s2 
",308.60789,628.6970464
"D 
",368.56096592,628.6970464
"(15 – 3) m / s2 
",389.78897775999997,628.6970464
" 
",49.60781022399999,588.69975544
" 
 
",49.60750233599998,663.6489717439999
"© UCLES 2016 
",49.60629,804.11211
"0625/21/M/J/16 
",270.12609378999997,804.11211
" 
",545.681243088,804.11211
"3  Two runners take part in a race. 
 
",49.60629,87.8753171840001
"The graph shows how the speed of each runner changes with time. 
",70.894683056,100.51808796800015
"3 
",294.66141,48.87034640000002
" 
",49.60629,113.1608587520002
" 
",49.60659625599999,262.82904127999996
"speed
",200.6936168,139.2860776
"runner 1
",343.92519500599997,133.28688680000005
"runner 2
",353.42358596599996,160.78088680000008
"0
",224.9400305,237.76408679999997
"0
",233.8214,248.26129600000002
"t
",302.16769,243.05349999999999
"time
",340.4253305,248.7616868
" 
",394.7244,252.48284639999997
"What does the graph show about the runners at time t
",70.89498931199999,275.471812064
" ? 
",333.1843,275.47195639999995
"A  Both runners are moving at the same speed. 
",70.86668351999998,299.08442135999996
"B  Runner 1 has zero acceleration. 
",70.86668351999998,320.7413707999999
"C  Runner 1 is overtaking runner 2. 
",70.86668351999998,342.3698343839999
"D  Runner 2 is slowing down. 
",70.89527935999999,364.0542798239999
" 
 
4  A satellite orbits the Earth above the atmosphere at a constant speed. 
 
",49.60666633599999,414.6538488159999
"The diagram shows the satellite at one point in its circular orbit around the Earth. 
",70.895059392,427.2966195999999
"Which  labelled  arrow  shows  the  direction  of  the  resultant  force  on  the  satellite  at  the  position 
shown? 
",70.895059392,465.2534178079999
"direction of rotation
",284.83569,490.013369
"of satellite
",306.845798064,503.21204900000004
"Earth
",253.1369,591.168869
"D
",314.509263216,582.50531888
"A
",348.834389744,542.03046677
"C
",353.16984904000003,618.501528899
"B
",388.12507390400003,578.004678989
"satellite
",381.0979,603.834569
" 
",418.7339,677.2262364000001
" 
",49.60666633599999,439.9678762399999
" 
",49.60666633599999,477.8961885919999
" 
 
",49.60669903999997,700.186606224
"© UCLES 2016 
",49.60629,803.48849
"0625/21/M/J/16 
",270.12609378999997,803.48849
"[Turn over 
",491.3008,803.48849
"5  A cup contains hot liquid. 
 
",49.60629,87.8753171840001
"Some of the liquid evaporates. 
",70.894683056,100.51808796800015
"4 
",294.66141,48.87034640000002
" 
",49.60629,113.1608587520002
" 
",49.60629,138.47488617600027
"What happens to the mass and what happens to the weight of the liquid in the cup? 
",70.8661972,125.80362953600024
" 
",85.06733128,154.9724861760003
"A 
",81.0992,175.50109999999995
"B 
",81.0992,196.50580000000002
"C 
",81.0992,217.51059999999995
"D 
",81.0992,238.48689000000002
"mass 
",142.37999368,154.9724861760003
"weight 
",252.16602248000004,154.9724861760003
"decreases 
",130.13886592,177.93174639999995
"decreases 
",242.7316864,177.93174639999995
"decreases 
",130.13886592,198.93644640000002
"stays the same 
",231.082291104,198.93644640000002
"stays the same 
",118.54435264,219.94124639999995
"decreases 
",242.71276915200002,219.94124639999995
"stays the same 
",118.54435264,240.91753640000002
"stays the same 
",231.098458752,240.91753640000002
" 
 
6  The diagrams show three uniform beams P, Q and R, each pivoted at its centre. 
 
",49.60629,293.8978487520002
"The two forces acting on each beam are also shown. 
",70.8661972,306.5691053920002
"P
",161.1505968991,350.58283272
"Q
",159.73275623800004,438.54093272
"R
",160.34565895499998,526.49913272
"2.0 m 1.0 m
",262.127651521,334.834998
"4.0 N
",234.7486,390.808408
"4.0 m
",231.806803753,422.79308068
"4.0 N
",322.2256765561,390.80842531999997
"2.0 m
",318.20560246,422.793008
"2.0 N
",171.879,478.766508
"5.0 N
",346.973131507,478.766508
"4.0 m
",350.54598066,510.751308
"2.0 m
",259.5269792141,510.751308
"1.5 N
",229.74899,566.724708
"1.0 N
",410.4179978689,566.72473532
" 
",435.7417,570.5301463999999
"Which beams rotate clockwise? 
",70.89606617600002,593.51900208
"A  P and Q only 
",70.86758032000002,617.13146704
"B  P and R only 
",70.86758032,638.78841648
"C  Q and R only 
",70.86758032,660.416880064
"D  P, Q and R 
",70.89617616000001,682.101325504
" 
",49.60629,319.21187617600026
" 
",49.607673120000015,580.8477454399999
" 
 
",49.60756313600001,707.386867072
"© UCLES 2016 
",49.60629,804.11211
"0625/21/M/J/16 
",270.12609378999997,804.11211
" 
",545.681243088,804.11211
"5 
",294.66141,48.87034640000002
"7  An object of mass 50 kg accelerates from a velocity of 2.0 m / s to a velocity of 10 m / s in the same 
",49.60629,75.23254640000005
"direction. 
",70.86724223999994,87.8753171840001
" 
",49.60733503999994,100.51808796800015
"What is the impulse provided to cause this acceleration? 
",70.89572809599994,113.1608587520002
"A  250 N s 
",70.86724223999994,136.83051539200017
"B  400 N s 
",170.10722368,136.82934639999996
"C  850 N s 
",269.34792784,136.82934639999996
"D  2500 N s 
",368.560222,136.82934639999996
" 
 
8  A scalar quantity has 
",49.60753735999998,174.7576587520001
"A  magnitude and direction. 
",70.89615038399998,198.37012371200012
"B  no magnitude and no direction. 
",70.86766452799998,220.02707315200007
"C  magnitude but no direction. 
",70.86766452799998,241.68402259200002
"D  direction but no magnitude. 
",70.86766452799998,263.36945788800006
" 
 
9  Energy is released in some nuclear reactions. 
 
",49.607757327999984,313.96902688000023
"Which nuclear reaction takes place in a nuclear power station, and which nuclear reaction takes 
place in the Sun? 
",70.86766452799998,339.25456844800027
" 
",49.60775732799998,351.89733923200026
" 
",86.71305940799998,375.73637123200024
"A 
",82.7433,403.57671
"B 
",82.7433,424.58141
"C 
",82.7433,445.58611
"D 
",82.7433,466.5909
"nuclear power 
",117.38429748799997,369.41548076800024
"station 
",135.72412948799996,382.05825155200023
"fission 
",136.317496256,406.0073564
"fission 
",136.317496256,427.0120564
"fusion 
",137.22497424,448.0167564
"fusion 
",137.22497424,469.0215464
"the Sun 
",233.57579444799995,375.7373610880002
"fission 
",236.953956096,406.0073564
"fusion 
",237.86143408,427.0120564
"fission 
",236.954176064,448.0167564
"fusion 
",237.868803008,469.0215464
" 
 
10  A lorry of mass 4000 kg is travelling at a speed of 4.0 m / s. 
 
",49.60629,522.0013171840001
"A car has a mass of 1000 kg. The kinetic energy of the car is equal to the kinetic energy of the 
lorry. 
",70.866314144,547.286327184
"What is the speed of the car? 
",70.866314144,572.6003546080001
"A  2.0 m / s 
",70.866314144,596.2415253920001
"B  4.0 m / s 
",170.10722368,596.2404464
"C  8.0 m / s 
",269.34793784,596.2404464
"D  16.0 m / s 
",368.560232,596.2404464
" 
",49.606406944,559.957583824
" 
 
",49.60764735999999,621.525987968
"© UCLES 2016 
",49.60629,803.48849
"0625/21/M/J/16 
",270.12609378999997,803.48849
"[Turn over 
",491.3008,803.48849
"6 
",294.66141,48.87034640000002
"11  A force acts on an object and causes the object to move a certain distance, in the same direction 
",49.60629,75.23254640000005
"as the force. 
",70.8661972,87.8753171840001
" 
",49.60629,100.51808796800015
" 
",49.60629,138.47488617600027
"Which row represents a situation in which the largest amount of work is done on the object by the 
force? 
",70.8661972,125.80362953600024
" 
",85.06733128,155.22753907200024
"A 
",81.0992,175.98299999999995
"B 
",81.0992,196.98770000000002
"C 
",81.0992,217.99239999999998
"D 
",81.0992,238.99710000000005
"force / N 
",134.89657233600002,155.22753907200024
"distance moved / m 
",217.84228352000002,155.22614639999995
"2.0 
",149.18699488,178.41364639999995
"10.0 
",143.0641856,199.41834640000002
"20.0 
",143.0641856,220.42304639999998
"100.0 
",136.94137632,241.42774640000005
"40.0 
",252.9546992,178.41364639999995
"2.0 
",259.06870976000005,199.41834640000002
"6.0 
",259.06870976000005,220.42304639999998
"1.0 
",259.06486032,241.42774640000005
" 
 
12  A diver under water uses breathing apparatus at a depth where the pressure is 1.25 × 105
 
",49.60629,295.22919488
" Pa. 
",506.2961,282.5018464
"A bubble of gas breathed out by the diver has a volume of 20 cm3 when it is released. The bubble 
moves upwards to the surface of the water. 
",70.86656631999996,415.19180718399997
" 
",369.72279,379.5601464
"At the surface of the water, the atmospheric pressure is 1.00 × 105
",70.86698585600004,441.214241552
" Pa. 
",393.2504,441.2136464
"The temperature of the water is the same at all depths. 
",70.86722159999995,466.612471488
"What is the volume of this bubble when it reaches the surface? 
",70.86722159999995,491.89801305599997
"A  15 cm3 
",70.86722159999995,515.5676696959999
"B  16 cm3 
",170.10655264000002,515.5663463999999
"C  20 cm3 
",269.34835664,515.5663463999999
"D  25 cm3 
",368.56078078400003,515.5663463999999
" 
",49.60665911999996,389.87774544
" 
",49.60707865600004,427.83457796799996
" 
",49.60731439999995,453.969700704
" 
",49.60731439999995,479.255242272
" 
 
",49.606579776000046,540.851887968
"© UCLES 2016 
",49.60629,804.11211
"0625/21/M/J/16 
",270.12609378999997,804.11211
" 
",545.681243088,804.11211
"13  The diagram shows a simple mercury barometer. 
 
",49.60629,87.8753171840001
"7 
",294.66141,48.87034640000002
"mercury
",234.25557976,169.4698410620001
" 
",49.60673200000002,294.52024544000005
" 
",49.60673200000002,319.80578700800015
"The atmospheric pressure increases. 
",70.86663920000002,307.1630162240001
"Which distance increases? 
",70.86663920000002,332.4770436480002
"V
",349.63741,100.06130600000006
"W
",350.14853965599997,129.5915571260001
"X
Y
Z
",349.63741,280.45462392800016
" 
",361.2189,284.20264640000005
"A  VW 
",70.86663920000002,356.1182144320002
"B  WY 
",170.10630224000005,356.1182144320002
"C  XY 
",269.346955136,356.1182144320002
"D  XZ 
",368.559122176,356.1182144320002
" 
 
14  Which statement about evaporation is correct? 
",49.60651203200001,394.0750126400002
"A  Evaporation causes the temperature of the remaining liquid to decrease. 
",70.86641923200001,417.6874776000002
"B  Evaporation does not occur from a cold liquid near its freezing point. 
",70.866419232,439.3444270400002
"C  Evaporation does not occur from a dense liquid, such as mercury. 
",70.866419232,460.9728906240002
"D  Evaporation occurs from all parts of a liquid. 
",70.895015072,482.65733606400016
" 
 
15  A  beaker  contains  0.500 kg  of  water  at  a  temperature  of  3.0 °C.  The  beaker  is  heated,  and  the 
",49.60640204800001,520.6141342720002
"internal energy of the water increases by 21.0 kJ. 
",70.86653128,533.254817184
"The specific heat capacity of water is 4200 J / (kg °C). 
",70.86679792000002,558.540087968
"What is the temperature of the water after it has been heated? 
",70.86662134399997,583.853573824
"A  5.5 °C 
",70.86662134399997,607.494744608
"B  10.0 °C 
",170.10739096,607.4939363999999
"C  13.0 °C 
",269.348095856,607.4939363999999
"D  31.5 °C 
",368.5605,607.4939363999999
" 
",49.606890720000024,545.897317184
" 
",49.606714143999966,571.21080304
" 
 
",49.607418816000006,632.807963824
"© UCLES 2016 
",49.60629,803.48849
"0625/21/M/J/16 
",270.12609378999997,803.48849
"[Turn over 
",491.3008,803.48849
"16  A substance loses thermal energy (heat) to the surroundings at a steady rate. 
 
",49.60629,87.8753171840001
"The graph shows how the temperature of the substance changes with time. 
",70.894683056,100.51808796800015
"8 
",294.66141,48.87034640000002
" 
",49.60629,113.1608587520002
" 
",49.60765455999996,272.80683544
"temperature
",177.731698411,149.11342158200011
"P
",320.72099,165.35208899999998
"Q
",351.46897405,213.56695916
"0
",230.22809289999998,247.19106755000007
"0
",239.9183,258.6830990000001
"time
",370.716407461,257.0342040810001
" 
",417.7417,262.4892364
"What could the portion PQ of the graph represent? 
",70.89604761599996,285.47809208
"A  gas condensing 
",70.86756175999996,309.09055704
"B  gas cooling  
",70.86756175999994,330.74750647999997
"C 
",70.86756175999994,349.94532366399994
"D 
",70.89615759999995,371.62976910399993
"liquid cooling 
",92.09887311999995,352.37597006399994
"liquid solidifying 
",92.15606479999995,374.06041550399993
" 
 
17  A student wishes to check the upper and the lower fixed points on a Celsius scale thermometer. 
 
",49.60754457599995,424.65998449599994
"–10
",154.02160920389997,436.811146
"0
",184.14248459399997,436.811146
"10
",205.08609742189998,436.811146
"20
",229.08799102979998,436.811146
"30
",253.08988463769998,436.811146
"40
",277.0917782456,436.811146
"50
",301.0936718535,436.811146
"60
",325.0955654614,436.811146
"70
",349.0974590693,436.811146
"80
",373.0993526772,436.811146
"90
",397.1012462851,436.811146
"100
",418.042658911,436.811146
"110 °C
",442.4528,436.811146
" 
",479.2252,457.9947464
"She has four beakers P, Q, R and S. 
",70.89519209599995,480.955116224
"Beaker P contains a mixture of ice and salt. 
",113.41401663999994,506.211951968
"Beaker Q contains a mixture of ice and water. 
",113.41401663999994,527.868901408
"Beaker R contains boiling salt solution. 
",113.41401663999994,549.525850848
"Beaker S contains boiling water. 
",113.41401663999994,571.211286144
"Which two beakers should she use to check the fixed points? 
",70.89519209599995,596.4968277119999
"A  P and R 
",70.86670623999994,620.1379984959999
"B  P and S 
",170.10746911999996,620.1379984959999
"C  Q and R 
",269.34812201599993,620.1379984959999
"D  Q and S 
",368.56028905599993,620.1379984959999
" 
",49.60679903999994,468.31234544
" 
",49.60679903999994,493.597887008
" 
",49.60679903999994,583.854056928
" 
 
",49.60668905599994,645.45202592
"© UCLES 2016 
",49.60629,804.11211
"0625/21/M/J/16 
",270.12609378999997,804.11211
" 
",545.681243088,804.11211
"9 
",294.66141,48.87034640000002
"18  Two otherwise identical cars, one black and one white, are at the same initial temperature. The 
cars  are  left  in  bright  sunshine  and  their  temperatures  increase.  During  the  night  their 
temperatures decrease. 
",49.60629,100.51808796800015
" 
",49.60629,113.1608587520002
" 
",49.60629,151.11765696000032
"Which car shows the greater rate of temperature increase and which car shows the greater rate 
of temperature decrease? 
",70.8661972,138.47488617600027
" 
",85.06733128,182.04405792000034
"A 
",81.0992,217.00031
"B 
",81.0992,238.005
"C 
",81.0992,258.9814
"D 
",81.0992,279.98609999999996
"greater rate of 
temperature 
",112.50613960000001,182.04405792000034
"increase 
",126.282625456,194.6868287040004
"greater rate of 
temperature 
",208.175502032,182.04427788800047
"decrease 
",220.109865872,194.68704867200051
"black 
",134.22037216,219.4309564
"black 
",134.22037216,240.4356464
"white 
",134.22037216,261.4120464
"white 
",134.22037216,282.41674639999997
"black 
",229.8965536,219.4309564
"white 
",229.8965536,240.4356464
"black 
",229.8965536,261.4120464
"white 
",229.8965536,282.41674639999997
" 
 
19  A liquid is heated in a beaker. 
 
",49.60629,335.3970587520001
"liquid
",317.08125040000004,375.415593
"heating
",261.04401,440.015918
" 
",343.7291,443.7364464
"The  density  of  the  liquid  changes  as  its  temperature  increases.  This  causes  energy  to  be 
transferred throughout the liquid. 
",70.89509072000003,479.368072864
"How does the density change and what is this energy transfer process? 
",70.86660486400002,504.653614432
" 
",49.60669766400002,454.05404544
" 
",49.60669766400002,492.010843648
" 
",49.60669766400002,517.296385216
" 
",85.06773894400003,541.135417216
"A 
",81.0992,568.9782
"B 
",81.0992,589.983
"C 
",81.0992,610.9877
"D 
",81.0992,631.9924
"density 
",127.86691270400003,541.135417216
"energy transfer 
",200.437655424,534.8145267519999
"process 
",218.15376816000003,547.4572975359999
"decreases 
",119.90595456,571.4088464
"conduction 
",210.82103862399998,571.4088464
"decreases 
",119.90595456,592.4136464000001
"convection 
",211.15418016,592.4136464000001
"increases 
",121.74807657599999,613.4183464
"conduction 
",210.820818656,613.4183464
"increases 
",121.74807657599999,634.4230464
"convection 
",211.15396019199997,634.4230464
" 
 
20  Sound waves of frequency 2.0 kHz travel through a substance at a speed of 800 m / s. 
",49.60629,674.760683824
"What is the wavelength of the waves? 
",70.86725151999997,698.4012271839999
"A  0.40 m 
",70.86725151999997,722.0423979679999
"B  2.5 m 
",170.106707664,722.0419464
"C  400 m 
",269.34810512,722.0419464
"D  1600 m 
",368.56015056,722.0419464
" 
 
",49.60738006399998,747.355973824
"© UCLES 2016 
",49.60629,803.48849
"0625/21/M/J/16 
",270.12609378999997,803.48849
"[Turn over 
",491.3008,803.48849
"21  Which row shows the natures of light waves, sound waves and X-rays? 
 
",49.60629,87.8753171840001
"10 
",291.60001,48.87034640000002
" 
",84.6141972,104.62797008000007
"A 
",80.64571,125.41279999999995
"B 
",80.64571,146.38930000000005
"C 
",80.64571,167.394
"D 
",80.64571,188.39869999999996
"light waves 
",110.83438280000001,104.62797008000007
"sound waves 
",185.3375444,104.62797008000007
"X-rays 
",280.99062920000006,104.62797008000007
"longitudinal 
",110.21050903999999,127.84344639999995
"longitudinal 
",189.653931952,127.84344639999995
"transverse 
",271.2530412640001,127.84344639999995
"longitudinal 
",110.21050903999999,148.81994640000005
"transverse 
",191.79301076800002,148.81994640000005
"longitudinal 
",269.0555609440001,148.81994640000005
"transverse 
",112.36509559999999,169.8246464
"longitudinal 
",189.64095384,169.8246464
"transverse 
",271.23918328,169.8246464
"transverse 
",112.36509559999999,190.82934639999996
"transverse 
",191.78014264,190.82934639999996
"longitudinal 
",269.0395032800001,190.82934639999996
" 
 
22  The diagram shows light travelling from air into glass. 
 
",49.60629,243.80965875200013
"Four angles v, w, x and y are shown. 
",70.894683056,256.4524295360002
" 
",49.60629000000003,269.1236861760002
" 
",49.606750559999966,434.75015544
"normal
",327.5656984151,281.29649860099994
"light
",254.15194992899995,294.6284843699
"air
glass
",223.93991553099997,365.504766041
"w
",300.8319726131,333.315121907
"v
",292.83659,345.64169
"y
",319.5009475111,360.896189231
"x
",316.4986527021,401.817931526
" 
",373.7197,424.4325564
"Which formula is used to calculate the refractive index n of the glass? 
",70.89514361599997,447.42141208000004
"A  n = 
",70.866547776,479.73581112000005
" sin
",113.81124223999998,469.87933296
"v
",129.45866592,469.87933296
" sin
",113.41419999999998,486.6035
"y
",129.9118,486.6035
" 
",139.74766911999998,479.737088896
"B  n = 
",170.10655264,479.737088896
" sin
",212.88395872409998,469.850257191
"v
",228.557818089,469.850257191
" sin
",212.656067748,486.5751
"x
",229.3512,486.5751
" 
",238.02521,479.7364464
"C  n = 
",269.34755336,479.7364464
" sin
",311.924411344,469.87933296
"w
",327.57172504,469.87933296
" sin
",312.68979,486.6035
"y
",329.18739,486.6035
" 
",339.249936144,479.737088896
"D  n = 
",368.559572304,479.737088896
" sin
",411.10863509480004,469.850257191
"w
",426.756415193,469.850257191
" sin
",412.0725776108,486.5751
"x
",428.71181,486.5751
" 
",438.4346,479.7364464
" 
 
23  The diagram shows a converging lens forming an image of an object. 
 
",49.60706496,542.014006528
"X
",107.2346,576.0889369
"image
",145.56529,635.5180469
"object
",258.39170968,635.0193519629
" 
",49.60792022399994,677.65093544
"Which statement about the image is correct? 
",70.89631327999994,690.2937062240001
"A 
",70.86782742399994,711.504230608
"B 
",70.86782742399993,733.132694192
"C 
",70.86782742399993,754.789643632
"D 
",70.89642326399994,776.474089072
"It is real and can be seen by an eye at X. 
",92.09913878399993,713.9348770080001
"It is real and can be seen by an eye at Y. 
",92.09913878399993,735.563340592
"It is virtual and can be seen by an eye at X. 
",92.09913878399993,757.220290032
"It is virtual and can be seen by an eye at Y. 
",92.15633046399994,778.904735472
"Y
",480.54449,649.6679469000001
" 
",488.2394,667.3333364
"© UCLES 2016 
",49.60629,804.11211
"0625/21/M/J/16 
",270.12609378999997,804.11211
" 
",545.681243088,804.11211
"11 
",291.60001,48.87034640000002
"24  A sound wave travels through air as a series of compressions and rarefactions. 
 
",49.60629,87.8753171840001
"Which  row  correctly  compares  the  air  pressure  in  a  compression  and  the  air  pressure  in  a 
rarefaction to the air pressure nearby where there is no sound wave? 
",70.8661972,113.1608587520002
" 
",49.60629,125.80362953600024
" 
",85.06733128,149.64266153600022
"A 
",81.0992,177.48540000000003
"B 
",81.0992,198.49009999999998
"C 
",81.0992,219.49480000000005
"D 
",81.0992,240.4995
"air pressure in 
a compression 
",113.101043056,155.96454185600032
"air pressure in 
a rarefaction 
",213.191872272,155.96454185600032
"higher 
",133.56816704,179.91604640000003
"higher 
",133.56816704,200.92074639999998
"lower 
",135.722863584,221.92544640000006
"lower 
",135.722863584,242.9301464
"higher 
",232.807060192,179.91604640000003
"lower 
",234.940309856,200.92074639999998
"higher 
",232.78583328000002,221.92544640000006
"lower 
",234.9228224,242.9301464
" 
 
25  A sound wave has a certain amplitude and a certain frequency. 
 
",49.60629,295.9105446080001
"A second sound wave is quieter and lower in pitch than the first sound wave. 
",70.8661972,308.5533153920002
" 
",49.60629,321.2245720320002
"The second wave has 
",70.8661972,333.8673428160002
"A  a larger amplitude and a greater frequency. 
",70.8661972,357.4798077760002
"B  a larger amplitude and a smaller frequency. 
",70.86619719999999,379.1367572160002
"C  a smaller amplitude and a greater frequency. 
",70.86619719999999,400.7652208000002
"D  a smaller amplitude and a smaller frequency. 
",70.89479304,422.44966624000017
" 
 
26  What is an electric field? 
",49.606180015999996,460.4064644480002
"A  a region around a wire carrying an electric current in which a compass needle experiences a 
",70.866087216,484.0476352320002
"force 
",92.09739857599999,496.6617001920002
"B  a region in which an electric charge experiences a force 
",70.86608721599998,518.3186496320002
"C  a region in which an electric charge is attracted by the Earth’s gravity 
",70.86608721599998,539.9755990720003
"D  a region through which electromagnetic radiation is passing 
",70.86608721599998,561.6600445120002
" 
 
",49.60618001599999,586.9455860800001
"© UCLES 2016 
",49.60629,803.48849
"0625/21/M/J/16 
",270.12609378999997,803.48849
"[Turn over 
",491.3008,803.48849
"12 
",291.60001,48.87034640000002
"27  A negatively charged rod is held close to one side of a metal sphere. The other side of the sphere 
",49.60629,75.23254640000005
"is earthed. 
",70.8661972,87.8753171840001
" 
",49.60629,100.51808796800015
" 
",49.60629,125.80362953600024
"Which diagram shows the distribution of charge on the metal sphere? 
B
",70.894683056,135.19489999999996
"A
",200.6869,135.19489999999996
"––
––
",169.567745076,186.82954582180002
"–
–
–
–
",224.556745076,190.663776654
"C
",200.4828,268.50729
"+
+
",205.76109,322.6844470840001
"+
+
",226.71629812,322.6844470840001
"––––
",169.56820415599998,320.14336560210006
" 
 
28  A cell is connected to a lamp, as shown. 
 
",49.6069248,411.421843648
"+–
",285.00098194199995,423.11686199999997
"––––
",365.52909395800003,186.82987577109998
"+
+
",401.7216,189.3719470840001
"–
–
",422.82857776000003,189.3719470840001
"D
",396.4427,268.50729
"++
+
+
",398.05667654,325.0176351
"––––
",365.52909395800003,320.14336560210006
" 
",467.7166,363.1474464
"A charge of 4.0 C flows through the lamp in 2.0 s. 
",70.86646911999999,523.7017464
" 
",344.2394,500.7411464
"What is the direction of the electron flow in the lamp and what is the current in the lamp? 
",70.86624263999998,549.015773824
" 
",85.06737671999998,585.4689807679999
"A 
",81.0992,613.3405
"B 
",81.0992,634.3452
"C 
",81.0992,655.3498999999999
"D 
",81.0992,676.32629
"direction of electron 
",114.26372935999999,579.148090304
"flow in lamp 
",133.19956465599998,591.819346944
"current / A 
",264.414876016,585.469970624
"from left to right 
",124.04355264,615.7711464
"from left to right 
",124.04355264,636.7758464
"from right to left 
",124.04355264,657.7805464
"from right to left 
",124.04355264,678.7569364
"2.0 
",280.562992864,615.7711464
"8.0 
",280.562992864,636.7758464
"2.0 
",280.59477824,657.7805464
"8.0 
",280.59477824,678.7569364
" 
",49.60656191999999,511.05874544
" 
",49.60633543999998,536.37300304
" 
",49.60633543999998,561.658544608
" 
 
",49.60629,706.451717184
"© UCLES 2016 
",49.60629,804.11211
"0625/21/M/J/16 
",270.12609378999997,804.11211
" 
",545.681243088,804.11211
"29  The diagrams show four current-voltage graphs. 
 
",49.60629,87.8753171840001
"13 
",291.60001,48.87034640000002
" 
",49.60629,113.1608587520002
" 
",49.60691759999992,229.80525544
"Which two graphs show the characteristics of an ohmic resistor and of a filament lamp? 
",70.8661972,100.51808796800015
"W
",126.7088186,124.84728561599991
"X
",252.142501015,124.84728561599991
"Y
",376.15118749999993,124.84728561599991
"Z
",500.27697855,124.84728561599991
"current
",54.2551,150.27392299999997
"current
",178.1667,150.27392299999997
"current
",302.07629,150.27392299999997
"current
",425.98981,150.27392299999997
"0
",81.06904106500002,204.51953489899995
"0
",90.81811146500002,215.76658358199995
" 
",86.71221967999992,253.64428743999997
"A 
",82.7433,281.48848999999996
"B 
",82.7433,302.49319
"C 
",82.7433,323.49789
"D 
",82.7433,344.5027
"voltage
",124.7444865,214.95795211299992
"0
",205.03709,204.46193300000004
"0
",214.7861604,215.70898168300005
"voltage
",248.65718635,214.95795211299992
"0
",329.007672615,204.4049669860001
"0
",338.756743015,215.65300542600005
"voltage
",372.56776621499995,214.95795211299992
"0
",452.977265365,204.347781026
"0
",462.726335765,215.594829709
"voltage
",496.48029635,214.95795211299992
" 
",541.2189,219.4876564
"ohmic 
resistor 
",117.89400348799991,259.9661677600001
"filament 
",186.69119516799992,247.32339697600003
"lamp 
",194.03262716799992,259.9661677600001
"W 
",130.73371856,283.91913639999996
"X 
",132.23610000000002,304.9238364
"W 
",130.73371856,325.9285364
"X 
",132.23610000000002,346.9333464
"Y 
",202.271491552,283.91913639999996
"Y 
",202.27061168000003,304.9238364
"Z 
",202.583846112,325.9285364
"Z 
",202.58296624000002,346.9333464
" 
 
30  The four circuits shown all include an a.c. power supply, two diodes and a lamp. 
 
",49.60629,399.91375460800003
"In which circuit is there a rectified current in the lamp? 
",70.8661972,412.556525392
"A
",171.88319,434.7424
"C
",171.67909,578.2189000000001
" 
",49.60629,425.199296176
" 
 
",49.60786312000005,700.498426224
"B
",414.6572,434.7424
"D
",414.6572,578.2189000000001
" 
",496.23309,677.5380564
"© UCLES 2016 
",49.60629,803.48849
"0625/21/M/J/16 
",270.12609378999997,803.48849
"[Turn over 
",491.3008,803.48849
"31  The diagram shows a combination of logic gates. 
 
",49.60629,87.8753171840001
"14 
",291.60001,48.87034640000002
"input P
(= 0)
",101.9624,116.97271999999998
"input Q
(= 1)
",101.25405102500002,180.33485512999994
" 
",49.606990464000035,194.51383543999998
" 
",49.606990464000035,219.82786286400005
" 
",49.606990464000035,245.11340443200015
"Input P is at a logic state 0 (low) and input Q is at a logic state 1 (high). 
",70.86689766400004,207.15660622400003
"What are the logic states at output X and at output Y? 
",70.86689766400004,232.4706336480001
"output X
",452.740749525,121.89530059999993
"output Y
",452.740749525,165.16184062999992
" 
",494.2205,184.19623639999998
" 
",85.06803174400004,261.8660573280001
"A 
",81.0992,282.65070000000003
"B 
",81.0992,303.6554
"C 
",81.0992,324.63181
"D 
",81.0992,345.63651
"output X 
",112.70701094400003,261.8660573280001
"output Y 
",180.61630179200006,261.8660573280001
"0 
",130.13886592,285.08134640000003
"0 
",130.13886592,306.0860464
"1 
",130.13886592,327.0624564
"1 
",130.13886592,348.0671564
"0 
",198.057505408,285.08134640000003
"1 
",198.057505408,306.0860464
"0 
",198.057505408,327.0624564
"1 
",198.057505408,348.0671564
" 
 
32  The diagram shows part of a circuit used to switch street lamps on and off automatically. 
 
",49.60629,401.047468752
"+
",224.96429,412.925296
"–
",224.2141,562.641606
"LDR
",306.7327,538.062986
" 
",371.2252,566.3915564
"In the evening it gets dark. 
",70.89519071999995,589.351926224
"Which  row  shows  the  effect  on  the  resistance  of  the  light-dependent  resistor  (LDR)  and  on  the 
potential difference (p.d.) across it? 
",70.86670486399994,627.308724432
" 
",85.06783894399994,654.273501712
"A 
",81.0992,677.48849
"B 
",81.0992,698.49319
"C 
",81.0992,719.49789
"D 
",81.0992,740.4743
"resistance of LDR 
",110.46644406399994,656.704148112
"p.d. across LDR 
",224.63555523199994,656.704148112
"decreases 
",128.77836384,679.9191364000001
"decreases 
",128.77836384,700.9238364
"increases 
",130.620485856,721.9285364
"increases 
",130.620485856,742.9049464
"decreases 
",238.65018016,679.9191364000001
"increases 
",240.492302176,700.9238364
"decreases 
",238.64996019199998,721.9285364
"increases 
",240.482403616,742.9049464
" 
",49.60679766399994,576.70915544
" 
",49.60679766399994,601.994697008
" 
",49.60679766399994,639.951495216
" 
 
",49.60629,770.599727184
"© UCLES 2016 
",49.60629,804.11211
"0625/21/M/J/16 
",270.12609378999997,804.11211
" 
",545.681243088,804.11211
"15 
",291.60001,48.87034640000002
"33  A domestic circuit includes a 30 A fuse. This protects the wiring if there is too much current in the 
",49.60629,75.23254640000005
"circuit. 
",70.89508006400001,87.8753171840001
" 
",49.60668700800001,100.51808796800015
" 
",49.60625984000001,125.8028171840001
"In which wire is the 30 A fuse positioned, and what does it do when it operates? 
",70.89508006400001,113.1608587520002
" 
",85.06730112000001,142.3289030400001
"A 
",81.0992,162.85851000000002
"B 
",81.0992,183.83501
"C 
",81.0992,204.83970999999997
"D 
",81.0992,225.84441000000004
"position 
",125.11665491200002,142.3289030400001
"operation 
",241.59521011200002,142.3289030400001
"live wire 
",124.21402784,165.28915640000002
"disconnects the circuit 
",210.45710156799998,165.28915640000002
"live wire 
",124.21402784,186.2656564
"reduces the current to 30 A 
",198.971472448,186.2656564
"neutral wire 
",115.65397311999999,207.27035639999997
"disconnects the circuit 
",210.464800448,207.27035639999997
"neutral wire 
",115.65397311999999,228.27505640000004
"reduces the current to 30 A 
",198.975541856,228.27505640000004
" 
 
34  A strong electromagnet is used to attract pins. 
 
",49.60629,281.25534875200015
"current
",254.085684694,308.9939739269
"pins
",203.7543,372.95645609999997
"core
",370.1954,303.5770461000001
"coil
",369.4048,364.3539461
" 
",391.7197,398.5805464
"What happens when the current in the coil is halved? 
",70.86667632000002,421.56940208000003
"A  No pins are attracted. 
",70.86667632000002,445.18186704000004
"B  Some pins are attracted, but not as many. 
",70.86667632000001,466.83881648000005
"C  The same number of pins is attracted. 
",70.86667632000001,488.467280064
"D  More pins are attracted. 
",70.86667632000001,510.15271536
" 
",49.606769120000024,408.89814544
" 
 
",49.60676912000002,535.466742784
"© UCLES 2016 
",49.60629,803.48849
"0625/21/M/J/16 
",270.12609378999997,803.48849
"[Turn over 
",491.3008,803.48849
"35  The diagram shows a transformer. 
 
",49.60629,87.8753171840001
"16 
",291.5433,48.87034640000002
"input
voltage
",159.7038072069,157.93861900000002
"  
",212.0128,152.09417500000006
"output 
voltage
",399.51969282899995,159.77806577
"primary coil
800 turns
",214.15311,239.40810900000008
"secondary coil
",312.0626878071,226.21422900000005
"40 turns
",327.3460901021,239.40810900000008
" 
",435.685,243.21364640000002
" 
",49.60706496,253.53124544000002
" 
",49.606433424000016,278.81711718400004
"The input voltage is 240 V. 
",70.895458016,266.1743464
"What is the output voltage? 
",70.86634062400002,291.4598879680001
"A  6.0 V 
",70.86634062400002,315.1010587520001
"B  12 V 
",170.10739096,315.10024639999995
"C  20 V 
",269.34755984000003,315.10024639999995
"D  40 V 
",368.559973984,315.10024639999995
" 
 
36  The diagram shows a shaded area where the direction of a magnetic field is into the page. 
 
",49.606992799999944,365.69981539199995
"A beam of β-particles enters the field as shown. 
",70.89538585599995,379.10796483199994
"beam of
β-particles
",145.64491053499998,486.30810213600006
"magnetic field
into the page
",380.94341,416.84339400000005
" 
",449.6599,521.1506464
"In which direction is the beam of β-particles deflected as they enter the magnetic field? 
",70.86730511999998,544.876504864
"A 
",70.86730512000003,568.573657504
"into the page 
",92.08981776000003,568.573657504
"B  out of the page 
",70.86730512000003,590.2306069440001
"C  down the page 
",70.86730512000003,611.887556384
"D  up the page 
",70.86730512000003,633.544505824
" 
",49.60688281599997,391.8353133119999
" 
",49.60739791999998,531.49684128
" 
 
",49.607397920000025,658.8585332480001
"© UCLES 2016 
",49.60629,804.3956000000001
"0625/21/M/J/16 
",270.12609378999997,804.3956000000001
" 
",545.681243088,804.3956000000001
"37  The arrangement shown is used to check whether the flour inside a cardboard packet is above a 
certain  level.  If  it  is  above  this  level,  the  flour  absorbs  the  radiation  from  the  source  so  that  it 
doesn’t reach the detector. 
",49.60629,100.51808796800015
"17 
",291.60001,48.87034640000002
" 
",49.60629,113.1608587520002
" 
",49.60689766400003,258.80364543999997
"radioactive
source
",185.924,149.706371
"cardboard
packet
",180.25494168510002,220.66133494999997
"detector
",375.06749929430003,144.25975099999994
"flour
",372.9012,200.47444099999996
" 
",415.2189,248.48604639999996
"Which type of radiation is suitable to use? 
",70.86680486400003,271.47490208
"A  α-particles only 
",70.86680486400003,295.82425983999997
"B  β-particles only 
",70.86559504000004,318.302679776
"C  either α-particles or β-particles 
",70.86559504000004,340.781099712
"D 
",70.86438521600006,363.288225472
"γ-rays only 
",92.09569657600007,363.288225472
" 
 
38  A nucleus of americium 
 
",49.604478016000066,420.3218712
"243
",190.03461,396.2066
"95
",193.97505239999998,404.540146614
"Am
",203.92439,401.5641
" emits an α-particle to form a nucleus of neptunium (Np). 
",222.23621,403.9947464
"Which equation represents this decay? 
",70.89470651199998,432.96464198399997
"A 
",70.86622065599998,456.81148284799997
"B 
",70.86658864,484.81761575999997
"C 
",70.86673296000001,512.8239257600001
"243
",93.8835,451.48219
"95
",97.82394239999999,459.815736614
"Am
",107.77319,456.83971
"243
",93.8835,479.48849
"95
",97.82350506899999,487.850592749
"Am
",107.6031,484.84599
"243
",93.8835,507.46651
"95
",97.82350506899999,515.8286127490001
"Am
",107.77319,512.8239
"D 
",70.89521881600001,540.8588216
"243
",93.94009,535.5294
"95
",97.88053239999999,543.8629466140001
"Am
",107.8299,540.8869
"  →   Np
",126.08501,459.2419364
"247
",150.9165,451.48219
"97
",154.8569424,459.815736614
"  →   Np
",126.08501,487.2482464
"243
",150.9165,479.48849
"96
",154.856505069,487.850592749
"  →   Np
",126.08501,515.2545464
"243
",150.9165,507.46651
"94
",154.856505069,515.8286127490001
"  →   Np
",126.14169,543.2892464
"239
",151.0016,535.5294
"93
",154.9420424,543.8629466140001
"4
",200.6929,451.42551
"  +   α
",180.1701,459.2419364
"2
",200.806298218,459.78757859399997
"0
",201.71339,479.43179
"  +   α
",180.1701,487.2482464
"1-
",200.57940782,487.79385859399997
"0
",201.7984,507.4381
"  +   α
",180.1701,515.2545464
"1-
",200.57971915099998,515.8001685940001
"4
",200.8063,535.4727
"  +   α
",180.22681,543.2892464
"2
",200.91969821799998,543.834768594
" 
",215.8299,459.2419364
" 
",216.8221,487.2482464
" 
",216.8221,515.2545464
" 
",215.8866,543.2892464
" 
 
39  A certain element has several isotopes. 
",49.60607977599997,584.901912768
"Which statement about these isotopes is correct? 
",70.86598697599997,608.571569408
"A  They must have different numbers of electrons orbiting their nuclei. 
",70.86598697599997,632.184034368
"B  They must have the same number of neutrons in their nuclei. 
",70.86598697599996,653.840983808
"C  They must have the same number of nucleons in their nuclei. 
",70.86598697599996,675.469447392
"D  They must have the same number of protons in their nuclei. 
",70.89458281599997,697.153892832
" 
 
",49.60596979199997,722.467920256
"© UCLES 2016 
",49.60629,803.48849
"0625/21/M/J/16 
",270.12609378999997,803.48849
"[Turn over 
",491.3008,803.48849
"40  A  reading  is  taken  every  10  minutes  of  the  number  of  emissions  per  second  from  a  radioactive 
",49.60629,75.23254640000005
"source. The table shows the readings. 
",70.8661972,87.8753171840001
"18 
",291.60001,48.87034640000002
" 
",49.60629,100.51808796800015
" 
",49.60629,309.85615640000003
" 
 
",49.606992799999944,371.453487968
"time / min 
",229.6061044,131.44448892800017
"number of 
emissions 
per second 
",302.201162624,144.08630718400002
"0 
",248.8535,168.83254639999996
"10 
",245.7921,189.83724640000003
"20 
",245.7921,210.84194639999998
"30 
",245.7921,231.8183464
"40 
",245.7921,252.82304639999995
"50 
",245.7921,273.8278464
"60 
",245.7921,294.83254639999996
"800 
",320.225527104,168.83254639999996
"560 
",320.22267216,189.83724640000003
"400 
",320.22267216,210.84194639999998
"280 
",320.22267216,231.8183464
"200 
",320.22267216,252.82304639999995
"140 
",320.22267216,273.8278464
"100 
",320.22267216,294.83254639999996
"What is the half-life of the source? 
",70.894683056,322.52741304000006
"A  10 min 
",70.8661972,346.16858382400005
"B  20 min 
",170.106735696,346.1679464
"C  40 min 
",269.34755984000003,346.1679464
"D  60 min 
",368.559973984,346.1679464
"© UCLES 2016 
",49.60629,804.11211
"0625/21/M/J/16 
",270.12609378999997,804.11211
" 
",545.681243088,804.11211
"19 
",291.60001,48.87034640000002
"BLANK PAGE 
",261.35429,72.80190000000005
" 
 
 
",297.72269928,110.7302123520002
"© UCLES 2016 
",49.60629,804.11211
"0625/21/M/J/16 
",270.12609378999997,804.11211
" 
",545.681243088,804.11211
"20 
",291.60001,48.87034640000002
"BLANK PAGE 
",261.35429,72.80190000000005
" 
 
 
",297.72269928,110.7302123520002
"Permission  to  reproduce  items  where  third-party  owned  material  protected  by  copyright  is  included  has  been  sought  and  cleared  where  possible.  Every 
reasonable effort has been made by the publisher (UCLES) to trace copyright holders, but if any items requiring clearance have unwittingly been included, the 
publisher will be pleased to make amends at the earliest possible opportunity. 
 
To  avoid  the  issue  of  disclosure  of  answer-related  information  to  candidates,  all  copyright  acknowledgements  are  reproduced  online  in  the  Cambridge 
International  Examinations  Copyright  Acknowledgements  Booklet.  This  is  produced  for  each  series  of  examinations  and  is  freely  available  to  download  at 
www.cie.org.uk after the live examination series. 
",49.605449808,764.45098328
"Cambridge International Examinations is part of the Cambridge Assessment Group. Cambridge Assessment is the brand name of University of Cambridge Local 
Examinations Syndicate (UCLES), which is itself a department of the University of Cambridge. 
",49.60537979200001,788.60160216
"© UCLES 2016 
",49.60629,804.11211
"0625/21/M/J/16 
",270.12609378999997,804.11211
" 
",545.681243088,804.11211
