question_number,question_page,question_text
1,2,"The diagram shows an enlarged drawing of the end of a metre rule. It is being used to measure the length of a small feather.  
1mmcm 2310 20 30
  What is the length of the feather? A 19
 mm B 29  mm C 19  cm D 29  cm "
2,2,"The speed-time graph shown is for a car moving in a straight line.  
1510500 2 04 06 08 0 time
 / sspeedm / s
  What is the acceleration of the car when the time is 40
 s? A 0
 m  / s2 B 04315−m  / s2 C 0415m  / s2 D (15 – 3)  m  / s2     © UCLES 2016 0625/21/M/J/16 [Turn over"
3,3,"Two runners take part in a race.  The graph shows how the speed of each runner changes with time.  
00speed
timerunner 1runner 2t  What does the graph show about the runners at time t
 ? A Both runners are moving at the same speed. B Runner 1 has zero acceleration. C Runner 1 is overtaking runner 2. D Runner 2 is slowing down. "
4,3,"A satellite orbits the Earth above the atmosphere at a constant speed.  The diagram shows the satellite at one point in its circular orbit around the Earth.  Which labelled arrow shows the direction of the resultant force on the satellite at the position shown?  
Earthdirection of rotationof satelliteABCD
satellite
     © UCLES 2016 0625/21/M/J/16"
5,4,"A cup contains hot liquid.  Some of the liquid evaporates.  What happens to the mass and what happens to the weight of the liquid in the cup?   mass weight 
A decreases decreases 
B decreases stays the same 
C stays the same decreases 
D stays the same stays the same 
"
6,4,"The diagrams show three uniform beams P, Q and R, each pivoted at its centre.  The two forces acting on each beam are also shown.  
4.0  N2.0 m 1.0  m4.0
 NP
2.0  N4.0 m 2.0  m5.0
 NQ
1.5  N2.0 m 4.0  m1.0
 NR  Which beams rotate clockwise? A P and Q only B P and R only C Q and R only D P, Q and R     © UCLES 2016 0625/21/M/J/16 [Turn over"
7,5,"An object of mass 50  kg accelerates from a velocity of 2.0  m  / s to a velocity of 10  m  / s in the same direction.  What is the impulse provided to cause this acceleration? A 250
 N  s B 400  N  s C 850  N  s D 2500  N  s "
8,5,A scalar quantity has A magnitude and direction. B no magnitude and no direction. C magnitude but no direction. D direction but no magnitude. 
9,5,"Energy is released in some nuclear reactions.  Which nuclear reaction takes place in a nuclear power station, and which nuclear reaction takes place in the Sun?   nuclear power station the Sun 
A fission fission 
B fission fusion 
C fusion fission 
D fusion fusion 
"
10,5,"A lorry of mass 4000
 kg is travelling at a speed of 4.0  m  / s.  A car has a mass of 1000
 kg. The kinetic energy of the car is equal to the kinetic energy of the lorry.  What is the speed of the car? A 2.0
 m  / s B 4.0  m  / s C 8.0  m  / s D 16.0  m  / s     © UCLES 2016 0625/21/M/J/16"
11,6,"A force acts on an object and causes the object to move a certain distance, in the same direction as the force.  Which row represents a situation in which the largest amount of work is done on the object by the force?   force
 / N distance moved  / m 
A 2.0 40.0 
B 10.0 2.0 
C 20.0 6.0 
D 100.0 1.0 
"
12,6,"A diver under water uses breathing apparatus at a depth where the pressure is 1.25 × 10
5
 Pa.  
  A bubble of gas breathed out by the diver has a volume of 20
 cm3 when it is released. The bubble moves upwards to the surface of the water.  At the surface of the water, the atmospheric pressure is 1.00 × 10
5
 Pa.  The temperature of the water is the same at all depths.  What is the volume of this bubble when it reaches the surface? A 15
 cm3 B 16  cm3 C 20  cm3 D 25  cm3     © UCLES 2016 0625/21/M/J/16 [Turn over"
13,7,"The diagram shows a simple mercury barometer.  
VW
XYZmercury
  The atmospheric pressure increases.  Which distance increases? A VW B WY C XY D XZ "
14,7,"Which statement about evaporation is correct? A Evaporation causes the temperature of the remaining liquid to decrease. B Evaporation does not occur from a cold liquid near its freezing point. C Evaporation does not occur from a dense liquid, such as mercury. D Evaporation occurs from all parts of a liquid. "
15,7,"A beaker contains 0.500
 kg of water at a temperature of 3.0  °C. The beaker is heated, and the internal energy of the water increases by 21.0
 kJ.  The specific heat capacity of water is 4200
 J / (kg  °C).  What is the temperature of the water after it has been heated? A 5.5
 °C B 10.0  °C C 13.0  °C D 31.5  °C     © UCLES 2016 0625/21/M/J/16"
16,8,"A substance loses thermal energy (heat) to the surroundings at a steady rate.  The graph shows how the temperature of the substance changes with time.  
00timetemperaturePQ
  What could the portion PQ of the graph represent? A gas condensing B gas cooling  C liquid cooling D liquid solidifying "
17,8,"A student wishes to check the upper and the lo wer fixed points on a Celsius scale thermometer.  
110°C1009080706050403020100–10
  She has four beakers P, Q, R and S.  Beaker P contains a mixture of ice and salt. Beaker Q contains a mixture of ice and water. Beaker R contains boiling salt solution. Beaker S contains boiling water.  Which two beakers should she use to check the fixed points? A P and R B P and S C Q and R D Q and S     © UCLES 2016 0625/21/M/J/16 [Turn over"
18,9,"Two otherwise identical cars, one black and one white, are at the same initial temperature. The cars are left in bright sunshine and their temperatures increase. During the night their temperatures decrease.  Which car shows the greater rate of temperature increase and which car shows the greater rate of temperature decrease?   greater rate of temperature increase greater rate of temperature decrease 
A black black 
B black white 
C white black 
D white white 
"
19,9,"A liquid is heated in a beaker.  
heatingliquid
  The density of the liquid changes as its temperature increases. This causes energy to be transferred throughout the liquid.  How does the density change and what is this energy transfer process?   density energy transfer process 
A decreases conduction 
B decreases convection 
C increases conduction 
D increases convection 
"
20,9,"Sound waves of frequency 2.0
 kHz travel through a substance at a speed of 800  m  / s. What is the wavelength of the waves? A 0.40
 m B 2.5  m C 400  m D 1600  m     © UCLES 2016 0625/21/M/J/16"
21,10,"Which row shows the natures of light waves, sound waves and X-rays?   light waves sound waves X-rays 
A longitudinal longitudinal transverse 
B longitudinal transverse longitudinal 
C transverse longitudinal transverse 
D transverse transverse longitudinal 
"
22,10,"The diagram shows light travelling from air into glass.  Four angles v, w, x and y are shown.  
vwyxnormalairglasslight
  Which formula is used to calculate the refractive index n of the glass? A n = 
yv sin sin B n = xv sin sin C n = 
yw sin sin D n = xw sin sin "
23,10,"The diagram shows a converging lens forming an image of an object.  
imageobjectX
Y
  Which statement about the image is correct? A It is real and can be seen by an eye at X. B It is real and can be seen by an eye at Y. C It is virtual and can be seen by an eye at X. D It is virtual and can be seen by an eye at Y.  1 © UCLES 2016 0625/21/M/J/16 [Turn over"
24,11,"A sound wave travels through air as a series of compressions and rarefactions.  Which row correctly compares the air pressure in a compression and the air pressure in a rarefaction to the air pressure nearby where there is no sound wave?   air pressure in a compression air pressure in a rarefaction 
A higher higher 
B higher lower 
C lower higher 
D lower lower 
"
25,11,A sound wave has a certain amplitude and a certain frequency.  A second sound wave is quieter and lower in pitch than the first sound wave.  The second wave has A a larger amplitude and a greater frequency. B a larger amplitude and a smaller frequency. C a smaller amplitude and a greater frequency. D a smaller amplitude and a smaller frequency. 
26,11,What is an electric field? A a region around a wire carrying an electric current in which a compass needle experiences a force B a region in which an electric charge experiences a force C a region in which an electric charge is attracted by the Earth’s gravity D a region through which electromagnetic radiation is passing    1 © UCLES 2016 0625/21/M/J/16
27,12,"A negatively charged rod is held close to one side of a metal sphere. The other side of the sphere is earthed.  Which diagram shows the distribution of charge on the metal sphere?  
A––––––––
++––B––––
++++C––––
++++D––––
 "
28,12,"A cell is connected to a lamp, as shown.  
+–
  A charge of 4.0
 C flows through the lamp in 2.0  s.  What is the direction of the electron flow in the lamp and what is the current in the lamp?   direction of electron flow in lamp current
 / A 
A from left to right 2.0 
B from left to right 8.0 
C from right to left 2.0 
D from right to left 8.0 
   1 © UCLES 2016 0625/21/M/J/16 [Turn over"
29,13,"The diagrams show four current-voltage graphs.  Which two graphs show the characteristics of an ohmic resistor and of a filament lamp?  
currentvoltageW currentvoltageX currentvoltageY currentvoltageZ00
000000
   ohmic resistor filament lamp 
A W Y 
B X Y 
C W Z 
D X Z 
"
30,13,"The four circuits shown all include an a.c. power supply, two diodes and a lamp.  In which circuit is there a rectified current in the lamp?  
A
C DB
    1 © UCLES 2016 0625/21/M/J/16"
31,14,"The diagram shows a combination of logic gates.  
input P(= 0) output Xoutput Y input Q(= 1)
  Input P is at a logic state 0 (low) and input Q is at a logic state 1 (high).  What are the logic states at output X and at output Y?   output X output Y 
A 0 0 
B 0  C 1 0 
D 1  "
32,14,"The diagram shows part of a circuit used to switch street lamps on and off automatically.  
+
–LDR
  In the evening it gets dark.  Which row shows the effect on the resistance of the light-dependent resistor (LDR) and on the potential difference (p.d.) across it?   resistance of LDR p.d. across LDR 
A decreases decreases 
B decreases increases 
C increases decreases 
D increases increases 
   1 © UCLES 2016 0625/21/M/J/16 [Turn over"
33,15,"A domestic circuit includes a 30  A fuse. This protects the wiring if there is too much current in the circuit.  In which wire is the 30
 A fuse positioned, and what does it do when it operates?   position operation 
A live wire disconnects the circuit 
B live wire reduces the current to 30  A 
C neutral wire disconnects the circuit 
D neutral wire reduces the current to 30  A 
"
34,15,"A strong electromagnet is used to attract pins.  
core
pinscoilcurrent
  What happens when the current in the coil is halved? A No pins are attracted. B Some pins are attracted, but not as many. C The same number of pins is attracted. D More pins are attracted.    1 © UCLES 2016 0625/21/M/J/16"
35,16,"The diagram shows a transformer.  
primary coil800 turnssecondary coil40 turnsinputvoltage output voltage
  
  The input voltage is 240
 V.  What is the output voltage? A 6.0
 V B 12  V C 20  V D 40  V "
36,16,"The diagram shows a shaded area where the direction of a magnetic field is into the page.  A beam of β-particles enters the field as shown.  
magnetic fieldinto the pagebeam ofβ-particles
  In which direction is the beam of β-particles deflected as they enter the magnetic field? A into the page B out of the page C down the page D up the page    1 © UCLES 2016 0625/21/M/J/16 [Turn over"
37,17,"The arrangement shown is used to check whether the flour inside a cardboard packet is above a certain level. If it is above this level, the flour absorbs the radiation from the source so that it doesn’t reach the detector.  
radioactivesourcecardboardpacketdetector
flour
  Which type of radiation is suitable to use? A α-particles only B β-particles only C either α-particles or β-particles D γ-rays only "
38,17,"A nucleus of americium 
Am24395 emits an α-particle to form a nucleus of neptunium (Np).  Which equation represents this decay? A 
Am24395  →  Np24797  +  α42 B 
Am24395  →  Np24396  +  α01- C 
Am24395  →  Np24394  +  α01- D 
Am24395  →  Np23993  +  α42 "
39,17,A certain element has several isotopes. Which statement about these isotopes is correct? A They must have different numbers of electrons orbiting their nuclei. B They must have the same number of neutrons in their nuclei. C They must have the same number of nucleons in their nuclei. D They must have the same number of protons in their nuclei.    1 © UCLES 2016 0625/21/M/J/16
40,18,"A reading is taken every 10 minutes of the number of emissions per second from a radioactive source. The table shows the readings.  time
 / min number of emissions per second 
0 800 
10 560 
20 400 
30 280 
40 200 
50 140 
60 100 
 What is the half-life of the source? A 10
 min B 20  min C 40  min D 60  min    1 © UCLES 2016 0625/21/M/J/16  BLANK PAGE       
Permission to reproduce items where third-par ty owned material protected by copyright is  included has been sought and cleared w here possible. Every reasonable effort has been made by the publisher (UCLES) to trace copyright holder s, but if any items requiring clearance have unwittingly been included, the publisher will be pleased to make amends at the earliest possible opportunity.  To avoid the issue of disclosure of answer-related information to candidates, all copyright acknowledgements are reproduced onl ine in the Cambridge International Examinations Copyright Acknowledgements Booklet. This is produced for each series of examinations and is freely a vailable to download at www.cie.org.uk after the live examination series.  Cambridge International Examinations is part of the Cambridge Asse ssment Group. Cambridge Assessment is the brand name of Unive rsity of Cambridge Local Examinations Syndicate (UCLES), which is itself a department of the University of Cambridge.  
© UCLES 2016 0625/21/M/J/16  BLANK PAGE    "
